number,frequency,last-drawn
1,Drawn 93 times,May 30 2026
2,Drawn 101 times,Jul 20 2026
3,Drawn 111 times,Jul 25 2026
4,Drawn 96 times,Jul 25 2026
5,Drawn 91 times,Jul 22 2026
6,Drawn 107 times,Aug 1 2026
7,Drawn 95 times,Jul 15 2026
8,Drawn 94 times,Aug 3 2026
9,Drawn 93 times,Jul 20 2026
10,Drawn 93 times,Jul 11 2026
11,Drawn 98 times,Apr 1 2026
12,Drawn 104 times,Jul 8 2026
13,Drawn 75 times,Jun 24 2026
14,Drawn 93 times,Jul 18 2026
15,Drawn 93 times,May 9 2026
16,Drawn 109 times,Jun 27 2026
17,Drawn 99 times,Aug 1 2026
18,Drawn 103 times,Jul 15 2026
19,Drawn 102 times,Jun 22 2026
20,Drawn 100 times,Jun 20 2026
21,Drawn 123 times,Jun 24 2026
22,Drawn 91 times,Jul 22 2026
23,Drawn 116 times,Mar 9 2026
24,Drawn 99 times,Jul 25 2026
25,Drawn 88 times,Jul 13 2026
26,Drawn 81 times,Jul 27 2026
27,Drawn 117 times,Aug 1 2026
28,Drawn 119 times,Jun 27 2026
29,Drawn 91 times,Jul 15 2026
30,Drawn 101 times,Aug 3 2026
31,Drawn 99 times,Jun 10 2026
32,Drawn 116 times,Jun 6 2026
33,Drawn 115 times,Apr 27 2026
34,Drawn 84 times,Jun 8 2026
35,Drawn 91 times,May 30 2026
36,Drawn 117 times,Jul 29 2026
37,Drawn 110 times,Jul 8 2026
38,Drawn 95 times,Jul 15 2026
39,Drawn 108 times,Jul 1 2026
40,Drawn 102 times,Jul 29 2026
41,Drawn 91 times,Aug 3 2026
42,Drawn 96 times,Jul 29 2026
43,Drawn 99 times,Jul 8 2026
44,Drawn 110 times,Jul 20 2026
45,Drawn 100 times,Jul 11 2026
46,Drawn 83 times,Jul 27 2026
47,Drawn 112 times,Jul 25 2026
48,Drawn 92 times,Aug 3 2026
49,Drawn 81 times,Jun 17 2026
50,Drawn 101 times,Aug 1 2026
51,Drawn 90 times,May 27 2026
52,Drawn 109 times,May 30 2026
53,Drawn 113 times,Jul 20 2026
54,Drawn 96 times,Aug 3 2026
55,Drawn 91 times,Jul 8 2026
56,Drawn 99 times,Jul 18 2026
57,Drawn 97 times,Jul 29 2026
58,Drawn 95 times,Jul 27 2026
59,Drawn 110 times,Jul 20 2026
60,Drawn 94 times,Jun 15 2026
61,Drawn 123 times,Jun 17 2026
62,Drawn 112 times,Jun 15 2026
63,Drawn 115 times,Jul 6 2026
64,Drawn 121 times,Jun 6 2026
65,Drawn 89 times,Jul 27 2026
66,Drawn 101 times,Jul 6 2026
67,Drawn 101 times,Jul 6 2026
68,Drawn 97 times,Jul 1 2026
69,Drawn 114 times,Jul 4 2026
21,Drawn 123 times,Jun 24 2026
61,Drawn 123 times,Jun 17 2026
64,Drawn 121 times,Jun 6 2026
28,Drawn 119 times,Jun 27 2026
27,Drawn 117 times,Aug 1 2026
36,Drawn 117 times,Jul 29 2026
13,Drawn 75 times,Jun 24 2026
49,Drawn 81 times,Jun 17 2026
26,Drawn 81 times,Jul 27 2026
46,Drawn 83 times,Jul 27 2026
34,Drawn 84 times,Jun 8 2026
25,Drawn 88 times,Jul 13 2026
23,Drawn 116 times,Mar 9 2026
11,Drawn 98 times,Apr 1 2026
33,Drawn 115 times,Apr 27 2026
15,Drawn 93 times,May 9 2026
51,Drawn 90 times,May 27 2026
1,Drawn 93 times,May 30 2026
